<?xml version="1.0"?>
<Objects>
  <Object name="Obj8">
    <AbsoluteLocation value="23.068232 -32.771542"/>
    <Properties>
      <Property name="Angle" value="-56.7054"/>
      <Property name="Filename" value="/Objects/pipe_straight.hs"/>
    </Properties>
  </Object>
  <Object name="Obj3">
    <AbsoluteLocation value="-1.200005 -43.600010"/>
    <Properties>
      <Property name="Angle" value="-90"/>
      <Property name="Filename" value="/Objects/pipe_elbow_2.hs"/>
    </Properties>
  </Object>
  <Object name="Spout2">
    <AbsoluteLocation value="19.349249 -28.177032"/>
    <Properties>
      <Property name="Angle" value="136.591"/>
      <Property name="Filename" value="/Objects/touch_spout.hs"/>
      <Property name="FluidType" value="Water"/>
      <Property name="ParticleSpeed" value="50"/>
      <Property name="ParticlesPerSecond" value="15"/>
      <Property name="Type" value="spout"/>
    </Properties>
  </Object>
  <Object name="Spout3">
    <AbsoluteLocation value="-0.600000 -40.399994"/>
    <Properties>
      <Property name="Angle" value="0"/>
      <Property name="ConnectedSpout0" value="SWAMPY_SPOUT"/>
      <Property name="ConnectedSpoutProbability0" value="1"/>
      <Property name="Filename" value="/Objects/broken_pipe.hs"/>
      <Property name="Type" value="spout"/>
    </Properties>
  </Object>
  <Object name="Obj4">
    <AbsoluteLocation value="-6.887797 -44.287811"/>
    <Properties>
      <Property name="Angle" value="0.201374"/>
      <Property name="Filename" value="/Objects/pipe_straight_long.hs"/>
    </Properties>
  </Object>
  <Object name="Star6">
    <AbsoluteLocation value="-27.645267 -4.577030"/>
    <Properties>
      <Property name="Angle" value="0"/>
      <Property name="Filename" value="/Objects/star.hs"/>
      <Property name="Type" value="star"/>
    </Properties>
  </Object>
  <Object name="Star7">
    <AbsoluteLocation value="22.308123 13.575802"/>
    <Properties>
      <Property name="Angle" value="0"/>
      <Property name="Filename" value="/Objects/star.hs"/>
      <Property name="Type" value="star"/>
    </Properties>
  </Object>
  <Object name="Star8">
    <AbsoluteLocation value="-0.970980 38.868797"/>
    <Properties>
      <Property name="Angle" value="0"/>
      <Property name="Filename" value="/Objects/star.hs"/>
      <Property name="Type" value="star"/>
    </Properties>
  </Object>
  <Object name="Obj9">
    <AbsoluteLocation value="25.814457 -39.545559"/>
    <Properties>
      <Property name="Angle" value="-73.4988"/>
      <Property name="Filename" value="/Objects/pipe_straight_long.hs"/>
    </Properties>
  </Object>
  <Object name="Obj10">
    <AbsoluteLocation value="27.096022 -46.868793"/>
    <Properties>
      <Property name="Angle" value="-90.595"/>
      <Property name="Filename" value="/Objects/pipe_straight.hs"/>
    </Properties>
  </Object>
  <Room>
    <AbsoluteLocation value="-18.799997 -34.000000"/>
  </Room>
</Objects>
