<?xml version="1.0"?>
<Objects>
  <Object name="Obj65">
    <AbsoluteLocation value="-18.880959 -44.219055"/>
    <Properties>
      <Property name="Angle" value="1.22164"/>
      <Property name="Filename" value="/Objects/pipe_straight.hs"/>
    </Properties>
  </Object>
  <Object name="Obj59">
    <AbsoluteLocation value="-11.958291 -42.657318"/>
    <Properties>
      <Property name="Angle" value="22.3046"/>
      <Property name="Filename" value="/Objects/pipe_straight.hs"/>
    </Properties>
  </Object>
  <Object name="Obj57">
    <AbsoluteLocation value="-1.242986 -39.053928"/>
    <Properties>
      <Property name="Angle" value="5.76911"/>
      <Property name="Filename" value="/Objects/pipe_straight.hs"/>
    </Properties>
  </Object>
  <Object name="Obj40">
    <AbsoluteLocation value="10.542818 -49.504120"/>
    <Properties>
      <Property name="Angle" value="-1.70113"/>
      <Property name="Filename" value="/Objects/pipe_straight.hs"/>
    </Properties>
  </Object>
  <Object name="Obj26">
    <AbsoluteLocation value="-3.938321 -45.044430"/>
    <Properties>
      <Property name="Angle" value="9.9271"/>
      <Property name="Filename" value="/Objects/pipe_straight.hs"/>
    </Properties>
  </Object>
  <Object name="Obj45">
    <AbsoluteLocation value="2.775754 -50.264454"/>
    <Properties>
      <Property name="Angle" value="92.0125"/>
      <Property name="Filename" value="/Objects/pipe_straight.hs"/>
    </Properties>
  </Object>
  <Object name="Obj90">
    <AbsoluteLocation value="-25.210529 0.761097"/>
    <Properties>
      <Property name="Angle" value="28.75"/>
      <Property name="Filename" value="/Objects/pipe_straight.hs"/>
    </Properties>
  </Object>
  <Object name="Obj84">
    <AbsoluteLocation value="-1.739457 25.585253"/>
    <Properties>
      <Property name="Angle" value="42.4359"/>
      <Property name="Filename" value="/Objects/pipe_straight.hs"/>
    </Properties>
  </Object>
  <Object name="Obj78">
    <AbsoluteLocation value="7.757235 25.388109"/>
    <Properties>
      <Property name="Angle" value="-43.0266"/>
      <Property name="Filename" value="/Objects/pipe_straight.hs"/>
    </Properties>
  </Object>
  <Object name="Obj29">
    <AbsoluteLocation value="12.088975 -51.108944"/>
    <Properties>
      <Property name="Angle" value="98.1862"/>
      <Property name="Filename" value="/Objects/pipe_straight.hs"/>
    </Properties>
  </Object>
  <Object name="Obj44">
    <AbsoluteLocation value="13.896536 -56.815178"/>
    <Properties>
      <Property name="Angle" value="117.225"/>
      <Property name="Filename" value="/Objects/pipe_straight.hs"/>
    </Properties>
  </Object>
  <Object name="Obj72">
    <AbsoluteLocation value="5.030662 -46.570862"/>
    <Properties>
      <Property name="Angle" value="-0.273325"/>
      <Property name="Filename" value="/Objects/pipe_straight.hs"/>
    </Properties>
  </Object>
  <Object name="Obj67">
    <AbsoluteLocation value="-1.255722 -47.212807"/>
    <Properties>
      <Property name="Angle" value="9.23602"/>
      <Property name="Filename" value="/Objects/pipe_straight.hs"/>
    </Properties>
  </Object>
  <Object name="Obj66">
    <AbsoluteLocation value="-6.956862 -47.921959"/>
    <Properties>
      <Property name="Angle" value="4.679"/>
      <Property name="Filename" value="/Objects/pipe_straight.hs"/>
    </Properties>
  </Object>
  <Object name="Obj64">
    <AbsoluteLocation value="-12.139157 -52.254150"/>
    <Properties>
      <Property name="Angle" value="86.7146"/>
      <Property name="Filename" value="/Objects/pipe_straight.hs"/>
    </Properties>
  </Object>
  <Object name="Obj62">
    <AbsoluteLocation value="-25.413452 -50.225197"/>
    <Properties>
      <Property name="Angle" value="90.2707"/>
      <Property name="Filename" value="/Objects/pipe_straight.hs"/>
    </Properties>
  </Object>
  <Object name="Obj58">
    <AbsoluteLocation value="-7.252152 -40.429768"/>
    <Properties>
      <Property name="Angle" value="19.6964"/>
      <Property name="Filename" value="/Objects/pipe_straight.hs"/>
    </Properties>
  </Object>
  <Object name="Obj56">
    <AbsoluteLocation value="4.093229 -38.689594"/>
    <Properties>
      <Property name="Angle" value="-0.683484"/>
      <Property name="Filename" value="/Objects/pipe_straight.hs"/>
    </Properties>
  </Object>
  <Object name="Obj41">
    <AbsoluteLocation value="18.096212 -40.436848"/>
    <Properties>
      <Property name="Angle" value="82.3631"/>
      <Property name="Filename" value="/Objects/pipe_straight.hs"/>
    </Properties>
  </Object>
  <Object name="Obj24">
    <AbsoluteLocation value="-24.813221 -7.381904"/>
    <Properties>
      <Property name="Angle" value="-370.501"/>
      <Property name="Filename" value="/Objects/pipe_straight.hs"/>
    </Properties>
  </Object>
  <Object name="Obj43">
    <AbsoluteLocation value="-15.223300 -40.123711"/>
    <Properties>
      <Property name="Angle" value="89.4176"/>
      <Property name="Filename" value="/Objects/pipe_straight.hs"/>
    </Properties>
  </Object>
  <Object name="Obj30">
    <AbsoluteLocation value="20.369928 -41.807064"/>
    <Properties>
      <Property name="Angle" value="-351.926"/>
      <Property name="Filename" value="/Objects/pipe_straight.hs"/>
    </Properties>
  </Object>
  <Object name="Obj38">
    <AbsoluteLocation value="-7.691181 -63.740555"/>
    <Properties>
      <Property name="Angle" value="18.5513"/>
      <Property name="Filename" value="/Objects/pipe_straight.hs"/>
    </Properties>
  </Object>
  <Object name="Obj14">
    <AbsoluteLocation value="2.218439 -38.573563"/>
    <Properties>
      <Property name="Angle" value="84.1802"/>
      <Property name="Filename" value="/Objects/pipe_straight.hs"/>
    </Properties>
  </Object>
  <Object name="Obj8">
    <AbsoluteLocation value="24.367346 -84.810753"/>
    <Properties>
      <Property name="Angle" value="83.7646"/>
      <Property name="Filename" value="/Objects/pipe_straight.hs"/>
    </Properties>
  </Object>
  <Object name="Obj12">
    <AbsoluteLocation value="18.039146 -90.271965"/>
    <Properties>
      <Property name="Angle" value="-364.992"/>
      <Property name="Filename" value="/Objects/pipe_straight.hs"/>
    </Properties>
  </Object>
  <Object name="1">
    <AbsoluteLocation value="24.392326 -81.218010"/>
    <Properties>
      <Property name="Angle" value="12.5583"/>
      <Property name="ConnectedSpout0" value="SWAMPY_SPOUT"/>
      <Property name="ConnectedSpoutProbability0" value="1"/>
      <Property name="Filename" value="/Objects/broken_pipe.hs"/>
      <Property name="Type" value="spout"/>
    </Properties>
  </Object>
  <Object name="Obj8">
    <AbsoluteLocation value="22.719278 -89.602203"/>
    <Properties>
      <Property name="Angle" value="83.1039"/>
      <Property name="Filename" value="/Objects/pipe_connector_90.hs"/>
    </Properties>
  </Object>
  <Object name="Obj10">
    <AbsoluteLocation value="13.949312 -89.551758"/>
    <Properties>
      <Property name="Angle" value="165.857"/>
      <Property name="Filename" value="/Objects/pipe_connector_end.hs"/>
    </Properties>
  </Object>
  <Object name="Star7">
    <AbsoluteLocation value="2.199997 39.199997"/>
    <Properties>
      <Property name="Angle" value="0"/>
      <Property name="Filename" value="/Objects/star.hs"/>
      <Property name="Type" value="star"/>
    </Properties>
  </Object>
  <Object name="Star8">
    <AbsoluteLocation value="2.302470 -15.947460"/>
    <Properties>
      <Property name="Angle" value="0"/>
      <Property name="Filename" value="/Objects/star.hs"/>
      <Property name="Type" value="star"/>
    </Properties>
  </Object>
  <Object name="Spout9">
    <AbsoluteLocation value="2.392345 -33.878094"/>
    <Properties>
      <Property name="Angle" value="0"/>
      <Property name="ConnectedSpout0" value="Spout10"/>
      <Property name="ConnectedSpoutProbability0" value="1"/>
      <Property name="Filename" value="/Objects/basic_drain.hs"/>
      <Property name="Type" value="spout"/>
    </Properties>
  </Object>
  <Object name="Spout10">
    <AbsoluteLocation value="-11.981162 -65.102974"/>
    <Properties>
      <Property name="Angle" value="-164.261"/>
      <Property name="Filename" value="/Objects/shower_head.hs"/>
      <Property name="FluidType" value="Water"/>
      <Property name="NumberParticles" value="0"/>
      <Property name="Type" value="spout"/>
    </Properties>
  </Object>
  <Object name="Spout11">
    <AbsoluteLocation value="15.684777 -61.175720"/>
    <Properties>
      <Property name="Angle" value="-68.0014"/>
      <Property name="Filename" value="/Objects/shower_head.hs"/>
      <Property name="FluidType" value="Water"/>
      <Property name="NumberParticles" value="0"/>
      <Property name="Type" value="spout"/>
    </Properties>
  </Object>
  <Object name="Spout12">
    <AbsoluteLocation value="-20.333122 -8.348974"/>
    <Properties>
      <Property name="Angle" value="-16.2937"/>
      <Property name="Filename" value="/Objects/shower_head.hs"/>
      <Property name="FluidType" value="Water"/>
      <Property name="NumberParticles" value="0"/>
      <Property name="ParticleSpeed" value="23"/>
      <Property name="Type" value="spout"/>
    </Properties>
  </Object>
  <Object name="Spout13">
    <AbsoluteLocation value="-15.191811 -35.264072"/>
    <Properties>
      <Property name="Angle" value="0"/>
      <Property name="ConnectedSpout0" value="Spout12"/>
      <Property name="ConnectedSpoutProbability0" value="1"/>
      <Property name="Filename" value="/Objects/basic_drain.hs"/>
      <Property name="Type" value="spout"/>
    </Properties>
  </Object>
  <Object name="Spout14">
    <AbsoluteLocation value="18.472231 -35.195667"/>
    <Properties>
      <Property name="Angle" value="0"/>
      <Property name="ConnectedSpout0" value="Spout11"/>
      <Property name="ConnectedSpoutProbability0" value="1"/>
      <Property name="Filename" value="/Objects/basic_drain.hs"/>
      <Property name="Type" value="spout"/>
    </Properties>
  </Object>
  <Object name="Obj16">
    <AbsoluteLocation value="-8.154562 -44.769329"/>
    <Properties>
      <Property name="Angle" value="100.136"/>
      <Property name="Filename" value="/Objects/pipe_straight.hs"/>
    </Properties>
  </Object>
  <Object name="Obj19">
    <AbsoluteLocation value="-15.381750 -39.021297"/>
    <Properties>
      <Property name="Angle" value="-6.01771"/>
      <Property name="Filename" value="/Objects/pipe_straight.hs"/>
    </Properties>
  </Object>
  <Object name="Obj20">
    <AbsoluteLocation value="-21.163445 -38.566265"/>
    <Properties>
      <Property name="Angle" value="-3.08604"/>
      <Property name="Filename" value="/Objects/pipe_straight.hs"/>
    </Properties>
  </Object>
  <Object name="Obj21">
    <AbsoluteLocation value="-27.345892 -31.441875"/>
    <Properties>
      <Property name="Angle" value="-270.379"/>
      <Property name="Filename" value="/Objects/pipe_straight.hs"/>
    </Properties>
  </Object>
  <Object name="Obj22">
    <AbsoluteLocation value="-27.775974 -25.344702"/>
    <Properties>
      <Property name="Angle" value="98.6789"/>
      <Property name="Filename" value="/Objects/pipe_straight.hs"/>
    </Properties>
  </Object>
  <Object name="Obj23">
    <AbsoluteLocation value="-29.010588 -19.286852"/>
    <Properties>
      <Property name="Angle" value="-255.663"/>
      <Property name="Filename" value="/Objects/pipe_straight.hs"/>
    </Properties>
  </Object>
  <Object name="Obj25">
    <AbsoluteLocation value="-7.784434 -50.863480"/>
    <Properties>
      <Property name="Angle" value="86.8322"/>
      <Property name="Filename" value="/Objects/pipe_straight.hs"/>
    </Properties>
  </Object>
  <Object name="Obj27">
    <AbsoluteLocation value="-10.101976 -45.615685"/>
    <Properties>
      <Property name="Angle" value="-360.294"/>
      <Property name="Filename" value="/Objects/pipe_straight.hs"/>
    </Properties>
  </Object>
  <Object name="Obj28">
    <AbsoluteLocation value="-2.168135 -55.505596"/>
    <Properties>
      <Property name="Angle" value="1.52731"/>
      <Property name="Filename" value="/Objects/pipe_straight.hs"/>
    </Properties>
  </Object>
  <Object name="Obj32">
    <AbsoluteLocation value="21.926117 -50.646221"/>
    <Properties>
      <Property name="Angle" value="-9.34249"/>
      <Property name="Filename" value="/Objects/pipe_straight.hs"/>
    </Properties>
  </Object>
  <Object name="Obj33">
    <AbsoluteLocation value="28.098427 -46.133766"/>
    <Properties>
      <Property name="Angle" value="94.867"/>
      <Property name="Filename" value="/Objects/pipe_straight.hs"/>
    </Properties>
  </Object>
  <Object name="Obj34">
    <AbsoluteLocation value="14.261868 -42.202797"/>
    <Properties>
      <Property name="Angle" value="-0.527654"/>
      <Property name="Filename" value="/Objects/pipe_straight.hs"/>
    </Properties>
  </Object>
  <Object name="Obj35">
    <AbsoluteLocation value="16.390961 -49.877556"/>
    <Properties>
      <Property name="Angle" value="-5.88687"/>
      <Property name="Filename" value="/Objects/pipe_straight.hs"/>
    </Properties>
  </Object>
  <Object name="Obj36">
    <AbsoluteLocation value="-2.305490 -56.149651"/>
    <Properties>
      <Property name="Angle" value="88.3949"/>
      <Property name="Filename" value="/Objects/pipe_straight.hs"/>
    </Properties>
  </Object>
  <Object name="Obj39">
    <AbsoluteLocation value="4.264670 -49.396675"/>
    <Properties>
      <Property name="Angle" value="-0.32931"/>
      <Property name="Filename" value="/Objects/pipe_straight.hs"/>
    </Properties>
  </Object>
  <Object name="Obj42">
    <AbsoluteLocation value="8.147308 -42.294514"/>
    <Properties>
      <Property name="Angle" value="2.19969"/>
      <Property name="Filename" value="/Objects/pipe_straight.hs"/>
    </Properties>
  </Object>
  <Object name="Obj46">
    <AbsoluteLocation value="-3.095544 -61.072235"/>
    <Properties>
      <Property name="Angle" value="100.541"/>
      <Property name="Filename" value="/Objects/pipe_connector_90.hs"/>
    </Properties>
  </Object>
  <Object name="Obj47">
    <AbsoluteLocation value="-1.342513 -51.111320"/>
    <Properties>
      <Property name="Angle" value="-79.8398"/>
      <Property name="Filename" value="/Objects/pipe_connector_90.hs"/>
    </Properties>
  </Object>
  <Object name="Obj48">
    <AbsoluteLocation value="27.090189 -50.009483"/>
    <Properties>
      <Property name="Angle" value="-273.346"/>
      <Property name="Filename" value="/Objects/pipe_connector_90.hs"/>
    </Properties>
  </Object>
  <Object name="Obj50">
    <AbsoluteLocation value="25.870136 -41.755508"/>
    <Properties>
      <Property name="Angle" value="-161.698"/>
      <Property name="Filename" value="/Objects/pipe_connector_90.hs"/>
    </Properties>
  </Object>
  <Object name="Obj50">
    <AbsoluteLocation value="-14.167020 -44.346455"/>
    <Properties>
      <Property name="Angle" value="0.0350738"/>
      <Property name="Filename" value="/Objects/pipe_connector_90.hs"/>
    </Properties>
  </Object>
  <Object name="Obj51">
    <AbsoluteLocation value="1.374839 -45.536625"/>
    <Properties>
      <Property name="Angle" value="182.854"/>
      <Property name="Filename" value="/Objects/pipe_connector_90.hs"/>
    </Properties>
  </Object>
  <Object name="Obj52">
    <AbsoluteLocation value="-26.227232 -37.029434"/>
    <Properties>
      <Property name="Angle" value="0.585025"/>
      <Property name="Filename" value="/Objects/pipe_connector_90.hs"/>
    </Properties>
  </Object>
  <Object name="Obj53">
    <AbsoluteLocation value="-30.167160 -13.326368"/>
    <Properties>
      <Property name="Angle" value="-262.952"/>
      <Property name="Filename" value="/Objects/pipe_straight.hs"/>
    </Properties>
  </Object>
  <Object name="Obj54">
    <AbsoluteLocation value="-29.056091 -7.930565"/>
    <Properties>
      <Property name="Angle" value="-95.5084"/>
      <Property name="Filename" value="/Objects/pipe_connector_90.hs"/>
    </Properties>
  </Object>
  <Object name="Obj55">
    <AbsoluteLocation value="-10.050115 -40.304863"/>
    <Properties>
      <Property name="Angle" value="-175.431"/>
      <Property name="Filename" value="/Objects/pipe_connector_90.hs"/>
    </Properties>
  </Object>
  <Object name="Obj56">
    <AbsoluteLocation value="-6.565411 -54.325802"/>
    <Properties>
      <Property name="Angle" value="2.77384"/>
      <Property name="Filename" value="/Objects/pipe_connector_90.hs"/>
    </Properties>
  </Object>
  <Object name="Obj60">
    <AbsoluteLocation value="-18.511467 -56.071884"/>
    <Properties>
      <Property name="Angle" value="1.63475"/>
      <Property name="Filename" value="/Objects/pipe_straight.hs"/>
    </Properties>
  </Object>
  <Object name="Obj61">
    <AbsoluteLocation value="-24.170137 -55.057838"/>
    <Properties>
      <Property name="Angle" value="2.3608"/>
      <Property name="Filename" value="/Objects/pipe_connector_90.hs"/>
    </Properties>
  </Object>
  <Object name="Obj63">
    <AbsoluteLocation value="-24.189947 -45.416599"/>
    <Properties>
      <Property name="Angle" value="-90.6994"/>
      <Property name="Filename" value="/Objects/pipe_connector_90.hs"/>
    </Properties>
  </Object>
  <Object name="Obj73">
    <AbsoluteLocation value="24.297800 10.204059"/>
    <Properties>
      <Property name="Angle" value="-45.522"/>
      <Property name="Filename" value="/Objects/pipe_straight.hs"/>
    </Properties>
  </Object>
  <Object name="Obj74">
    <AbsoluteLocation value="29.230577 6.406404"/>
    <Properties>
      <Property name="Angle" value="-30.7561"/>
      <Property name="Filename" value="/Objects/pipe_straight.hs"/>
    </Properties>
  </Object>
  <Object name="Obj77">
    <AbsoluteLocation value="2.996019 28.307344"/>
    <Properties>
      <Property name="Angle" value="-134.568"/>
      <Property name="Filename" value="/Objects/pipe_connector_90.hs"/>
    </Properties>
  </Object>
  <Object name="Obj80">
    <AbsoluteLocation value="34.816593 3.819479"/>
    <Properties>
      <Property name="Angle" value="-19.7466"/>
      <Property name="Filename" value="/Objects/pipe_straight.hs"/>
    </Properties>
  </Object>
  <Object name="Obj81">
    <AbsoluteLocation value="11.214335 22.108101"/>
    <Properties>
      <Property name="Angle" value="-43.5967"/>
      <Property name="Filename" value="/Objects/pipe_into_wall_1.hs"/>
    </Properties>
  </Object>
  <Object name="Obj82">
    <AbsoluteLocation value="-13.936806 13.064719"/>
    <Properties>
      <Property name="Angle" value="-313.706"/>
      <Property name="Filename" value="/Objects/pipe_into_wall_1.hs"/>
    </Properties>
  </Object>
  <Object name="Obj85">
    <AbsoluteLocation value="-5.080441 22.354996"/>
    <Properties>
      <Property name="Angle" value="-134.353"/>
      <Property name="Filename" value="/Objects/pipe_into_wall_2.hs"/>
    </Properties>
  </Object>
  <Object name="Obj86">
    <AbsoluteLocation value="20.985495 13.497355"/>
    <Properties>
      <Property name="Angle" value="-224.271"/>
      <Property name="Filename" value="/Objects/pipe_into_wall_2.hs"/>
    </Properties>
  </Object>
  <Object name="Obj87">
    <AbsoluteLocation value="-17.072477 9.531211"/>
    <Properties>
      <Property name="Angle" value="49.2118"/>
      <Property name="Filename" value="/Objects/pipe_straight.hs"/>
    </Properties>
  </Object>
  <Object name="Obj89">
    <AbsoluteLocation value="-20.936663 4.623803"/>
    <Properties>
      <Property name="Angle" value="54.8942"/>
      <Property name="Filename" value="/Objects/pipe_straight.hs"/>
    </Properties>
  </Object>
  <Object name="Obj91">
    <AbsoluteLocation value="-30.413052 -2.425824"/>
    <Properties>
      <Property name="Angle" value="33.843"/>
      <Property name="Filename" value="/Objects/pipe_straight.hs"/>
    </Properties>
  </Object>
  <Object name="Obj92">
    <AbsoluteLocation value="-35.840549 -4.706948"/>
    <Properties>
      <Property name="Angle" value="12.8574"/>
      <Property name="Filename" value="/Objects/pipe_straight.hs"/>
    </Properties>
  </Object>
  <Object name="Star74">
    <AbsoluteLocation value="1.704071 1.649805"/>
    <Properties>
      <Property name="Angle" value="0"/>
      <Property name="Filename" value="/Objects/star.hs"/>
      <Property name="Type" value="star"/>
    </Properties>
  </Object>
  <Object name="Obj93">
    <AbsoluteLocation value="3.248503 -41.179878"/>
    <Properties>
      <Property name="Angle" value="-0.873798"/>
      <Property name="Filename" value="/Objects/pipe_connector_90.hs"/>
    </Properties>
  </Object>
  <Object name="Obj31">
    <AbsoluteLocation value="11.385343 -45.049355"/>
    <Properties>
      <Property name="Angle" value="93.9663"/>
      <Property name="Filename" value="/Objects/pipe_straight.hs"/>
    </Properties>
  </Object>
  <Object name="Obj55">
    <AbsoluteLocation value="9.940618 -39.926319"/>
    <Properties>
      <Property name="Angle" value="181.309"/>
      <Property name="Filename" value="/Objects/pipe_connector_90.hs"/>
    </Properties>
  </Object>
  <Object name="Collectible91">
    <AbsoluteLocation value="18.799999 70.000015"/>
    <Properties>
      <Property name="Angle" value="18.8233"/>
      <Property name="Filename" value="/Objects/z_collectible_00.hs"/>
      <Property name="Type" value="collectible"/>
    </Properties>
  </Object>
  <Object name="Obj71">
    <AbsoluteLocation value="10.864387 -46.831898"/>
    <Properties>
      <Property name="Angle" value="355.865"/>
      <Property name="Filename" value="/Objects/pipe_straight.hs"/>
    </Properties>
  </Object>
  <Object name="Obj69">
    <AbsoluteLocation value="16.237316 -45.952465"/>
    <Properties>
      <Property name="Angle" value="85.3723"/>
      <Property name="Filename" value="/Objects/pipe_connector_90.hs"/>
    </Properties>
  </Object>
  <Object name="Obj88">
    <AbsoluteLocation value="-13.256612 -54.736450"/>
    <Properties>
      <Property name="Angle" value="95.3285"/>
      <Property name="Filename" value="/Objects/pipe_connector_90.hs"/>
    </Properties>
  </Object>
  <Object name="Obj89">
    <AbsoluteLocation value="-11.414890 -48.901482"/>
    <Properties>
      <Property name="Angle" value="92.05"/>
      <Property name="Filename" value="/Objects/pipe_elbow_1.hs"/>
    </Properties>
  </Object>
  <Object name="Obj90">
    <AbsoluteLocation value="2.247051 -54.734528"/>
    <Properties>
      <Property name="Angle" value="-89.4805"/>
      <Property name="Filename" value="/Objects/pipe_elbow_2.hs"/>
    </Properties>
  </Object>
  <Room>
    <AbsoluteLocation value="2.000002 -81.200005"/>
  </Room>
  <Properties>
    <Property name="ShowTopEdge" value="0"/>
  </Properties>
</Objects>
