<?xml version="1.0" encoding="ISO-8859-1"?>
<game id="8412" title="wmw_spl_act_wheresmywater" active="true">
	<id>8412</id>
	<gameId>wmw_spl_act_wheresmywater</gameId>
	<displayName>wmw_spl_act_wheresmywater</displayName>
	<dxdPromoText>--- This game's PROMO TEXT goes here. Change me! ---</dxdPromoText>	
	<gameScreenSize>750x500</gameScreenSize>	<!-- 580x410 or 750x500 or widthxheight-->
	<width>750</width>
	<height>500</height>
	<assetPath></assetPath>
	<swfUrl>wmw_spl_act_wheresmywater_750x500</swfUrl>		
	<genre>spl</genre>
	<bUCompanionAd>bitmaps/promos/234x60/pro_bu_dcom_playgames_234.jpg</bUCompanionAd>
	<bUCompanionAdLink>http://disney.go.com/fairies</bUCompanionAdLink>
	<relatedGamesPlaylist>
		<!-- <playlistPanelURL>data/playlists/fairygames_playlist.xml</playlistPanelURL> -->					<!-- local -->
		<playlistPanelURL>http://home.disney.go.com/dxd/dynamic/playlist?id=161429</playlistPanelURL>			<!-- live  -->
	</relatedGamesPlaylist>
	<pageURL><![CDATA[http://disney.go.com/games/#/games/play/&content=9724]]></pageURL>
	<reportingIcon>bitmaps/icons/reporting/log_mtx_gam.png</reportingIcon>
	<reportingAssetName>wmw_spl_act_wheresmywater</reportingAssetName>
	<omnitureCategory>dgame</omnitureCategory>
	<omnitureGenre/>
	<omnitureSiteSection>play:games</omnitureSiteSection>
	<omnitureSite>dcom</omnitureSite>
	<omnitureProperty>up</omnitureProperty>
		<omnitureAccount>wdgintuk</omnitureAccount>
		<omnitureRegion>emea</omnitureRegion>
		<omnitureUnit>dol</omnitureUnit>
		<omnitureCountry>uk</omnitureCountry>		
	<omnitureContentType>games</omnitureContentType>
	<omniturePageName>wmw_spl_act_wheresmywater</omniturePageName>
	<actionScriptVersion>3</actionScriptVersion>
	<sendsMetagameMsgs>true</sendsMetagameMsgs>
	<!-- <minigameAPISwf>MinigameAPI.swf</minigameAPISwf> -->
	<minigameAPISwf>MinigameAPI_2_2_DEV_ONLY_DO_NOT_PUBLISH.swf</minigameAPISwf>
</game>